id, statetime, region, name, email, gold, power, level
1,2022-12-19 15:23:07,2,Name#1,email1@abc.com,56607,248393,21
2,2022-12-20 09:17:42,9,Name#2,email2@abc.com,817140,442325,23
3,2022-12-19 14:48:21,4,Name#3,email3@abc.com,439538,127484,2
4,2022-12-22 11:40:03,1,Name#4,email4@abc.com,127421,903944,8
5,2022-12-23 20:45:53,8,Name#5,email5@abc.com,812273,76871,8
6,2022-12-19 03:30:07,9,Name#6,email6@abc.com,961522,650901,6
7,2022-12-17 14:41:49,7,Name#7,email7@abc.com,210210,190395,43
8,2022-12-23 11:03:45,6,Name#8,email8@abc.com,770958,803118,2
9,2022-12-20 19:01:38,9,Name#9,email9@abc.com,585129,335923,38
10,2022-12-19 08:52:59,2,Name#10,email10@abc.com,315122,603718,33
11,2022-12-20 19:01:33,2,Name#11,email11@abc.com,527514,532843,45
12,2022-12-19 21:45:43,7,Name#12,email12@abc.com,528186,776215,26
13,2022-12-22 21:55:04,7,Name#13,email13@abc.com,159254,696222,47
14,2022-12-23 09:15:50,8,Name#14,email14@abc.com,598862,365192,13
15,2022-12-18 15:13:07,3,Name#15,email15@abc.com,180565,822015,43
16,2022-12-17 21:26:45,2,Name#16,email16@abc.com,442622,64443,2
17,2022-12-21 14:42:14,3,Name#17,email17@abc.com,65841,611630,48
18,2022-12-19 11:10:45,7,Name#18,email18@abc.com,694705,660074,40
19,2022-12-18 19:00:38,3,Name#19,email19@abc.com,827499,434724,34
20,2022-12-19 07:24:41,2,Name#20,email20@abc.com,526082,137938,42
21,2022-12-20 16:17:48,8,Name#21,email21@abc.com,590628,834835,47
22,2022-12-17 12:09:30,1,Name#22,email22@abc.com,629823,335541,19
23,2022-12-18 04:43:20,3,Name#23,email23@abc.com,857354,180665,36
24,2022-12-24 03:08:42,9,Name#24,email24@abc.com,341195,331223,10
25,2022-12-21 17:54:24,5,Name#25,email25@abc.com,362548,859161,23
26,2022-12-21 02:57:03,6,Name#26,email26@abc.com,81933,438961,22
27,2022-12-17 20:55:55,4,Name#27,email27@abc.com,359356,58302,10
28,2022-12-20 04:07:43,7,Name#28,email28@abc.com,80508,511094,12
29,2022-12-20 16:34:58,3,Name#29,email29@abc.com,277978,134759,47
30,2022-12-20 23:48:56,1,Name#30,email30@abc.com,249388,536434,47
31,2022-12-23 23:04:25,7,Name#31,email31@abc.com,238004,714964,39
32,2022-12-18 08:02:37,7,Name#32,email32@abc.com,872325,713822,29
33,2022-12-18 18:58:29,2,Name#33,email33@abc.com,151551,251182,21
34,2022-12-24 04:14:50,8,Name#34,email34@abc.com,796373,224741,13
35,2022-12-19 01:33:56,7,Name#35,email35@abc.com,537954,371065,34
36,2022-12-20 04:11:53,1,Name#36,email36@abc.com,914896,863361,19
37,2022-12-17 11:00:09,6,Name#37,email37@abc.com,705926,560527,41
38,2022-12-18 16:55:57,5,Name#38,email38@abc.com,43945,369948,46
39,2022-12-21 05:13:03,3,Name#39,email39@abc.com,973534,370447,43
40,2022-12-21 13:04:52,6,Name#40,email40@abc.com,199384,487003,27
41,2022-12-18 06:44:34,6,Name#41,email41@abc.com,709268,881260,48
42,2022-12-18 04:54:28,1,Name#42,email42@abc.com,13966,985299,28
43,2022-12-22 08:30:32,9,Name#43,email43@abc.com,469248,873871,48
44,2022-12-22 12:08:53,8,Name#44,email44@abc.com,885644,815329,4
45,2022-12-18 09:14:29,2,Name#45,email45@abc.com,572684,921518,4
46,2022-12-20 21:40:33,7,Name#46,email46@abc.com,688772,498603,2
47,2022-12-21 01:30:24,1,Name#47,email47@abc.com,924941,347725,22
48,2022-12-23 20:53:44,8,Name#48,email48@abc.com,319681,862696,29
49,2022-12-23 21:39:35,6,Name#49,email49@abc.com,503246,567277,35
50,2022-12-24 05:46:19,2,Name#50,email50@abc.com,67858,147790,12
51,2022-12-18 05:25:10,1,Name#51,email51@abc.com,491014,348323,31
52,2022-12-17 11:37:42,9,Name#52,email52@abc.com,103589,884510,28
53,2022-12-17 17:35:19,9,Name#53,email53@abc.com,834964,967599,28
54,2022-12-17 20:50:54,9,Name#54,email54@abc.com,424671,527000,45
55,2022-12-23 01:20:28,2,Name#55,email55@abc.com,86553,69053,33
56,2022-12-22 22:35:34,9,Name#56,email56@abc.com,820553,999230,7
57,2022-12-24 02:21:20,7,Name#57,email57@abc.com,752459,418143,46
58,2022-12-23 07:25:42,6,Name#58,email58@abc.com,512445,748279,34
59,2022-12-23 08:34:16,1,Name#59,email59@abc.com,197406,673718,38
60,2022-12-24 03:47:04,1,Name#60,email60@abc.com,744831,777528,16
61,2022-12-23 21:58:24,8,Name#61,email61@abc.com,739184,134696,15
62,2022-12-19 16:35:11,4,Name#62,email62@abc.com,990618,916480,43
63,2022-12-20 03:59:12,2,Name#63,email63@abc.com,100899,912473,19
64,2022-12-21 11:57:55,2,Name#64,email64@abc.com,303253,756115,40
65,2022-12-17 12:48:08,6,Name#65,email65@abc.com,580888,44606,38
66,2022-12-20 13:08:19,5,Name#66,email66@abc.com,127368,643489,12
67,2022-12-19 09:14:56,6,Name#67,email67@abc.com,41606,752257,38
68,2022-12-20 00:14:39,1,Name#68,email68@abc.com,865382,294507,42
69,2022-12-23 21:54:20,8,Name#69,email69@abc.com,472730,506648,48
70,2022-12-18 21:04:41,8,Name#70,email70@abc.com,198344,234494,7
71,2022-12-20 13:22:03,9,Name#71,email71@abc.com,578682,227248,2
72,2022-12-18 02:00:20,6,Name#72,email72@abc.com,772213,207278,23
73,2022-12-18 06:17:42,2,Name#73,email73@abc.com,590103,719337,45
74,2022-12-22 14:10:26,9,Name#74,email74@abc.com,125405,883772,23
75,2022-12-20 04:40:39,7,Name#75,email75@abc.com,630979,899755,31
76,2022-12-19 20:09:08,6,Name#76,email76@abc.com,523162,18955,39
77,2022-12-18 17:46:43,8,Name#77,email77@abc.com,790163,327965,14
78,2022-12-19 17:34:28,3,Name#78,email78@abc.com,105131,867034,18
79,2022-12-22 00:14:32,5,Name#79,email79@abc.com,730543,368849,26
80,2022-12-21 11:54:12,5,Name#80,email80@abc.com,246711,293435,32
81,2022-12-17 19:03:38,7,Name#81,email81@abc.com,716050,848273,35
82,2022-12-20 07:13:18,1,Name#82,email82@abc.com,841687,824804,44
83,2022-12-20 20:43:14,1,Name#83,email83@abc.com,732502,684547,9
84,2022-12-18 18:30:32,9,Name#84,email84@abc.com,832182,424133,20
85,2022-12-18 07:25:05,4,Name#85,email85@abc.com,993143,128819,28
86,2022-12-18 15:00:46,5,Name#86,email86@abc.com,305498,116773,5
87,2022-12-19 08:22:50,7,Name#87,email87@abc.com,447993,938463,8
88,2022-12-21 13:16:46,7,Name#88,email88@abc.com,39883,673827,35
89,2022-12-21 17:10:00,4,Name#89,email89@abc.com,895838,388751,37
90,2022-12-22 19:35:04,5,Name#90,email90@abc.com,55581,134566,10
91,2022-12-19 22:16:41,9,Name#91,email91@abc.com,436363,838633,3
92,2022-12-24 03:02:03,9,Name#92,email92@abc.com,219982,787222,27
93,2022-12-19 21:54:58,3,Name#93,email93@abc.com,133751,446798,6
94,2022-12-20 18:05:44,9,Name#94,email94@abc.com,612933,65254,41
95,2022-12-20 10:36:21,5,Name#95,email95@abc.com,930854,633310,10
96,2022-12-23 23:30:19,7,Name#96,email96@abc.com,570610,643536,30
97,2022-12-20 20:41:09,8,Name#97,email97@abc.com,776262,725959,25
98,2022-12-18 08:49:33,2,Name#98,email98@abc.com,453729,835079,44
99,2022-12-17 18:53:56,7,Name#99,email99@abc.com,829164,15417,7
100,2022-12-23 12:17:29,6,Name#100,email100@abc.com,284386,534722,13
101,2022-12-23 09:10:23,1,Name#101,email101@abc.com,103736,362996,38
102,2022-12-20 14:55:49,7,Name#102,email102@abc.com,760877,133487,2
103,2022-12-22 17:06:53,9,Name#103,email103@abc.com,492422,595675,35
104,2022-12-21 08:02:27,1,Name#104,email104@abc.com,316050,216334,14
105,2022-12-19 12:49:24,4,Name#105,email105@abc.com,343812,133222,38
106,2022-12-21 09:15:11,5,Name#106,email106@abc.com,527823,442567,3
107,2022-12-17 18:31:26,3,Name#107,email107@abc.com,940044,37083,24
108,2022-12-21 22:38:18,3,Name#108,email108@abc.com,541850,806717,49
109,2022-12-23 16:15:20,7,Name#109,email109@abc.com,447873,465180,31
110,2022-12-22 02:31:28,2,Name#110,email110@abc.com,533327,753801,31
111,2022-12-20 18:35:20,1,Name#111,email111@abc.com,349237,642038,45
112,2022-12-23 21:45:16,5,Name#112,email112@abc.com,685712,620519,19
113,2022-12-24 06:46:18,6,Name#113,email113@abc.com,221527,203960,28
114,2022-12-20 14:02:38,8,Name#114,email114@abc.com,764792,963398,16
115,2022-12-22 11:52:46,8,Name#115,email115@abc.com,882951,707709,36
116,2022-12-21 22:07:17,5,Name#116,email116@abc.com,989599,77441,21
117,2022-12-23 14:20:42,1,Name#117,email117@abc.com,844175,793597,27
118,2022-12-19 23:36:44,3,Name#118,email118@abc.com,208064,564735,18
119,2022-12-21 22:44:22,7,Name#119,email119@abc.com,831475,529654,17
120,2022-12-20 23:52:23,6,Name#120,email120@abc.com,207059,971924,20
121,2022-12-22 09:37:47,7,Name#121,email121@abc.com,253338,605011,25
122,2022-12-18 09:04:19,5,Name#122,email122@abc.com,858823,694321,9
123,2022-12-23 13:02:15,5,Name#123,email123@abc.com,797107,390647,28
124,2022-12-23 11:34:40,6,Name#124,email124@abc.com,373870,599970,33
125,2022-12-23 21:44:25,3,Name#125,email125@abc.com,400844,244089,18
126,2022-12-19 23:52:22,9,Name#126,email126@abc.com,188323,432421,19
127,2022-12-18 19:49:35,7,Name#127,email127@abc.com,36593,918833,18
128,2022-12-19 02:14:42,4,Name#128,email128@abc.com,627412,199865,49
129,2022-12-23 15:46:49,6,Name#129,email129@abc.com,3944,375740,43
130,2022-12-19 21:24:11,9,Name#130,email130@abc.com,928445,227954,1
131,2022-12-21 01:26:04,3,Name#131,email131@abc.com,795441,102713,45
132,2022-12-18 18:41:54,6,Name#132,email132@abc.com,959688,213817,36
133,2022-12-19 12:12:43,2,Name#133,email133@abc.com,384217,201640,28
134,2022-12-18 09:25:55,9,Name#134,email134@abc.com,39196,17456,18
135,2022-12-23 10:26:48,6,Name#135,email135@abc.com,884418,417428,1
136,2022-12-19 01:36:07,6,Name#136,email136@abc.com,663376,654835,33
137,2022-12-19 15:02:12,5,Name#137,email137@abc.com,844969,354194,31
138,2022-12-19 21:22:17,4,Name#138,email138@abc.com,829877,952468,34
139,2022-12-21 16:30:57,8,Name#139,email139@abc.com,694821,849619,1
140,2022-12-22 12:34:01,1,Name#140,email140@abc.com,372568,825235,1
141,2022-12-18 14:03:45,7,Name#141,email141@abc.com,19135,743287,20
142,2022-12-23 11:24:23,9,Name#142,email142@abc.com,550945,484708,8
143,2022-12-22 03:37:18,4,Name#143,email143@abc.com,867890,870665,39
144,2022-12-18 06:58:09,3,Name#144,email144@abc.com,42602,108253,2
145,2022-12-18 21:10:19,2,Name#145,email145@abc.com,352554,170344,43
146,2022-12-23 02:43:52,3,Name#146,email146@abc.com,625087,410027,28
147,2022-12-21 03:32:28,6,Name#147,email147@abc.com,820952,151311,10
148,2022-12-17 13:57:56,4,Name#148,email148@abc.com,490407,554860,48
149,2022-12-22 03:55:31,3,Name#149,email149@abc.com,576570,988163,37
150,2022-12-23 04:42:01,1,Name#150,email150@abc.com,673857,215153,4
151,2022-12-20 03:36:39,7,Name#151,email151@abc.com,791254,151704,40
152,2022-12-21 11:19:46,4,Name#152,email152@abc.com,917169,666296,33
153,2022-12-23 02:11:52,4,Name#153,email153@abc.com,673429,520444,30
154,2022-12-20 12:33:23,2,Name#154,email154@abc.com,274290,508470,47
155,2022-12-18 21:10:39,3,Name#155,email155@abc.com,874000,723172,39
156,2022-12-21 01:57:33,3,Name#156,email156@abc.com,774445,181104,21
157,2022-12-18 21:34:26,9,Name#157,email157@abc.com,577135,63086,49
158,2022-12-21 04:05:57,2,Name#158,email158@abc.com,60784,995495,31
159,2022-12-23 14:01:02,9,Name#159,email159@abc.com,281748,310823,26
160,2022-12-20 09:54:37,6,Name#160,email160@abc.com,480576,535959,15
161,2022-12-19 22:17:44,9,Name#161,email161@abc.com,774252,574758,29
162,2022-12-22 06:04:20,9,Name#162,email162@abc.com,992702,780095,45
163,2022-12-21 22:22:10,2,Name#163,email163@abc.com,166782,283336,37
164,2022-12-22 19:17:23,7,Name#164,email164@abc.com,988791,103812,20
165,2022-12-22 08:53:50,5,Name#165,email165@abc.com,865807,726634,28
166,2022-12-20 17:51:38,4,Name#166,email166@abc.com,831111,926400,47
167,2022-12-22 23:59:27,7,Name#167,email167@abc.com,620741,876237,30
168,2022-12-21 02:55:38,7,Name#168,email168@abc.com,624130,571621,39
169,2022-12-19 16:12:06,1,Name#169,email169@abc.com,183714,765273,26
170,2022-12-21 00:33:24,4,Name#170,email170@abc.com,22098,93958,27
171,2022-12-20 00:53:32,2,Name#171,email171@abc.com,715860,830482,24
172,2022-12-18 20:09:36,5,Name#172,email172@abc.com,900453,22266,24
173,2022-12-20 03:24:03,4,Name#173,email173@abc.com,85443,863456,35
174,2022-12-23 10:38:14,3,Name#174,email174@abc.com,470252,86918,10
175,2022-12-23 12:19:15,7,Name#175,email175@abc.com,419994,917173,34
176,2022-12-19 09:24:22,4,Name#176,email176@abc.com,414832,284866,43
177,2022-12-20 14:31:47,2,Name#177,email177@abc.com,718282,880856,18
178,2022-12-20 18:38:29,5,Name#178,email178@abc.com,714435,603938,9
179,2022-12-22 11:04:47,2,Name#179,email179@abc.com,125882,478775,48
180,2022-12-24 03:06:48,6,Name#180,email180@abc.com,305806,576099,4
181,2022-12-19 06:24:24,7,Name#181,email181@abc.com,936106,394468,15
182,2022-12-19 15:12:21,1,Name#182,email182@abc.com,601471,131006,46
183,2022-12-20 03:39:51,2,Name#183,email183@abc.com,358172,807674,17
184,2022-12-21 12:58:57,1,Name#184,email184@abc.com,197288,454401,28
185,2022-12-18 06:30:02,2,Name#185,email185@abc.com,690888,425811,17
186,2022-12-23 13:27:25,7,Name#186,email186@abc.com,819849,760719,1
187,2022-12-23 19:29:54,5,Name#187,email187@abc.com,167435,915664,30
188,2022-12-22 02:22:15,2,Name#188,email188@abc.com,974938,795825,21
189,2022-12-21 08:38:48,9,Name#189,email189@abc.com,128727,197538,41
190,2022-12-22 02:04:10,5,Name#190,email190@abc.com,228137,414132,9
191,2022-12-19 21:44:53,4,Name#191,email191@abc.com,927376,561789,21
192,2022-12-19 08:31:48,9,Name#192,email192@abc.com,514422,212479,47
193,2022-12-17 16:45:48,4,Name#193,email193@abc.com,147335,787100,44
194,2022-12-21 13:35:49,1,Name#194,email194@abc.com,450310,231922,48
195,2022-12-24 03:09:06,4,Name#195,email195@abc.com,514816,108357,7
196,2022-12-23 00:55:22,9,Name#196,email196@abc.com,495436,644844,40
197,2022-12-17 15:53:57,2,Name#197,email197@abc.com,877730,911330,46
198,2022-12-23 03:01:47,2,Name#198,email198@abc.com,722862,239054,25
199,2022-12-24 00:17:26,2,Name#199,email199@abc.com,983736,680776,39
200,2022-12-19 11:56:02,3,Name#200,email200@abc.com,449975,686979,48
201,2022-12-21 02:30:55,4,Name#201,email201@abc.com,186427,580602,5
202,2022-12-19 06:04:40,8,Name#202,email202@abc.com,715893,235066,34
203,2022-12-22 05:37:46,7,Name#203,email203@abc.com,569262,342496,8
204,2022-12-20 00:40:22,3,Name#204,email204@abc.com,676024,615882,24
205,2022-12-22 10:02:55,9,Name#205,email205@abc.com,504200,972267,37
206,2022-12-19 04:42:21,1,Name#206,email206@abc.com,360897,106334,4
207,2022-12-23 07:00:38,8,Name#207,email207@abc.com,16762,614117,48
208,2022-12-21 01:43:27,3,Name#208,email208@abc.com,441951,4386,48
209,2022-12-17 10:05:27,6,Name#209,email209@abc.com,504921,307452,8
210,2022-12-22 00:19:54,8,Name#210,email210@abc.com,281031,866295,5
211,2022-12-18 17:39:59,5,Name#211,email211@abc.com,941807,934517,25
212,2022-12-19 19:19:49,5,Name#212,email212@abc.com,380703,954017,37
213,2022-12-23 00:41:30,9,Name#213,email213@abc.com,899727,986362,20
214,2022-12-17 22:51:02,3,Name#214,email214@abc.com,727729,18306,20
215,2022-12-18 22:18:00,5,Name#215,email215@abc.com,12992,906450,8
216,2022-12-18 02:07:36,1,Name#216,email216@abc.com,571600,576631,6
217,2022-12-19 00:13:03,5,Name#217,email217@abc.com,534644,68751,28
218,2022-12-21 08:57:33,5,Name#218,email218@abc.com,122452,419252,17
219,2022-12-17 14:26:27,6,Name#219,email219@abc.com,677263,718762,3
220,2022-12-17 23:43:05,2,Name#220,email220@abc.com,795556,502905,48
221,2022-12-21 03:49:07,9,Name#221,email221@abc.com,830747,690660,44
222,2022-12-21 18:15:49,5,Name#222,email222@abc.com,740222,145976,2
223,2022-12-23 21:17:09,3,Name#223,email223@abc.com,268001,269877,6
224,2022-12-17 22:22:33,4,Name#224,email224@abc.com,471655,630756,31
225,2022-12-19 10:24:16,1,Name#225,email225@abc.com,616400,771502,14
226,2022-12-19 14:31:52,9,Name#226,email226@abc.com,397039,655397,13
227,2022-12-17 18:55:41,2,Name#227,email227@abc.com,509494,218510,7
228,2022-12-21 23:20:03,2,Name#228,email228@abc.com,969116,833887,2
229,2022-12-21 08:11:53,7,Name#229,email229@abc.com,632634,991562,19
230,2022-12-18 04:42:10,5,Name#230,email230@abc.com,212965,107887,43
231,2022-12-19 10:56:15,9,Name#231,email231@abc.com,973072,73296,13
232,2022-12-21 01:36:54,9,Name#232,email232@abc.com,17184,240728,13
233,2022-12-22 20:38:22,6,Name#233,email233@abc.com,109530,589248,37
234,2022-12-21 20:22:02,9,Name#234,email234@abc.com,289403,178375,15
235,2022-12-22 07:52:05,8,Name#235,email235@abc.com,285861,370437,2
236,2022-12-19 03:07:05,2,Name#236,email236@abc.com,440438,603365,22
237,2022-12-18 16:47:37,6,Name#237,email237@abc.com,863445,943264,17
238,2022-12-20 23:09:24,6,Name#238,email238@abc.com,722508,441558,26
239,2022-12-22 00:55:50,8,Name#239,email239@abc.com,597475,516946,22
240,2022-12-21 17:08:08,4,Name#240,email240@abc.com,214912,552887,29
241,2022-12-18 21:38:56,8,Name#241,email241@abc.com,624815,757299,23
242,2022-12-18 09:03:31,2,Name#242,email242@abc.com,472334,186880,48
243,2022-12-23 04:39:18,9,Name#243,email243@abc.com,969318,476721,49
244,2022-12-23 02:24:09,8,Name#244,email244@abc.com,656586,714998,5
245,2022-12-19 05:24:12,4,Name#245,email245@abc.com,195070,845637,19
246,2022-12-17 22:37:52,8,Name#246,email246@abc.com,33728,78239,38
247,2022-12-19 13:32:22,1,Name#247,email247@abc.com,579386,55495,29
248,2022-12-23 23:44:57,1,Name#248,email248@abc.com,170314,668641,5
249,2022-12-23 03:23:51,2,Name#249,email249@abc.com,52488,328104,31
250,2022-12-22 20:36:42,8,Name#250,email250@abc.com,165406,828753,26
251,2022-12-17 21:23:25,9,Name#251,email251@abc.com,340552,834605,23
252,2022-12-19 11:41:17,7,Name#252,email252@abc.com,652012,45292,30
253,2022-12-18 12:35:14,5,Name#253,email253@abc.com,250206,992028,25
254,2022-12-20 20:48:03,2,Name#254,email254@abc.com,310368,292311,44
255,2022-12-20 02:05:29,1,Name#255,email255@abc.com,471845,905432,5
256,2022-12-19 12:54:46,3,Name#256,email256@abc.com,599984,809661,39
257,2022-12-22 13:25:26,6,Name#257,email257@abc.com,726185,141872,5
258,2022-12-20 20:25:40,8,Name#258,email258@abc.com,312784,17372,31
259,2022-12-19 18:34:59,1,Name#259,email259@abc.com,792159,767065,37
260,2022-12-20 15:06:42,1,Name#260,email260@abc.com,481570,936979,47
261,2022-12-19 11:16:20,1,Name#261,email261@abc.com,94338,114033,28
262,2022-12-21 19:04:08,4,Name#262,email262@abc.com,564256,104779,8
263,2022-12-23 18:40:46,5,Name#263,email263@abc.com,98497,34993,29
264,2022-12-20 01:10:05,9,Name#264,email264@abc.com,61437,265172,34
265,2022-12-22 14:53:07,3,Name#265,email265@abc.com,813822,711779,26
266,2022-12-23 20:40:34,7,Name#266,email266@abc.com,24802,210422,12
267,2022-12-22 02:54:32,9,Name#267,email267@abc.com,564191,123205,29
268,2022-12-20 12:52:50,2,Name#268,email268@abc.com,873968,347756,23
269,2022-12-18 17:27:10,9,Name#269,email269@abc.com,428095,919848,46
270,2022-12-20 16:34:43,4,Name#270,email270@abc.com,293952,789836,10
271,2022-12-21 06:06:26,1,Name#271,email271@abc.com,355889,523889,40
272,2022-12-21 18:52:49,4,Name#272,email272@abc.com,395976,640236,40
273,2022-12-18 08:50:44,8,Name#273,email273@abc.com,843182,756410,36
274,2022-12-21 06:07:39,5,Name#274,email274@abc.com,371571,490745,23
275,2022-12-22 21:55:05,2,Name#275,email275@abc.com,546772,724163,15
276,2022-12-17 18:41:19,3,Name#276,email276@abc.com,51990,173872,41
277,2022-12-17 18:59:00,7,Name#277,email277@abc.com,802215,161215,23
278,2022-12-23 16:27:53,3,Name#278,email278@abc.com,331254,907526,28
279,2022-12-22 04:05:04,5,Name#279,email279@abc.com,854791,468670,43
280,2022-12-19 08:26:34,6,Name#280,email280@abc.com,380288,235570,21
281,2022-12-18 03:22:33,8,Name#281,email281@abc.com,950184,550187,38
282,2022-12-23 13:26:31,5,Name#282,email282@abc.com,805209,567728,30
283,2022-12-20 10:21:13,3,Name#283,email283@abc.com,75374,459543,45
284,2022-12-21 08:49:49,8,Name#284,email284@abc.com,455984,10513,31
285,2022-12-19 03:12:56,1,Name#285,email285@abc.com,242591,648000,23
286,2022-12-19 16:31:51,8,Name#286,email286@abc.com,448767,906555,11
287,2022-12-22 06:49:48,6,Name#287,email287@abc.com,158166,822376,19
288,2022-12-23 14:38:54,5,Name#288,email288@abc.com,878089,430114,19
289,2022-12-17 19:16:40,2,Name#289,email289@abc.com,142762,408156,45
290,2022-12-24 02:00:49,5,Name#290,email290@abc.com,723610,581412,12
291,2022-12-18 00:06:33,4,Name#291,email291@abc.com,743561,249411,46
292,2022-12-18 20:48:33,4,Name#292,email292@abc.com,441223,973881,19
293,2022-12-19 08:56:34,7,Name#293,email293@abc.com,320544,441335,39
294,2022-12-23 22:10:56,1,Name#294,email294@abc.com,54385,639095,41
295,2022-12-19 00:49:21,1,Name#295,email295@abc.com,995984,262498,28
296,2022-12-17 12:58:42,5,Name#296,email296@abc.com,531366,46508,29
297,2022-12-24 01:36:34,7,Name#297,email297@abc.com,734210,449470,39
298,2022-12-20 16:57:40,5,Name#298,email298@abc.com,641132,718430,9
299,2022-12-22 09:52:41,5,Name#299,email299@abc.com,307221,629140,41
300,2022-12-17 17:34:26,6,Name#300,email300@abc.com,695207,891102,27
301,2022-12-17 12:20:31,1,Name#301,email301@abc.com,664422,634294,21
302,2022-12-21 15:50:51,8,Name#302,email302@abc.com,170855,134554,41
303,2022-12-23 09:49:57,2,Name#303,email303@abc.com,420394,469432,3
304,2022-12-22 22:47:02,5,Name#304,email304@abc.com,898468,170477,4
305,2022-12-23 11:15:05,3,Name#305,email305@abc.com,852862,558457,31
306,2022-12-23 01:35:37,6,Name#306,email306@abc.com,248551,951386,17
307,2022-12-20 15:09:05,2,Name#307,email307@abc.com,387051,860586,41
308,2022-12-23 15:42:58,4,Name#308,email308@abc.com,672928,364652,5
309,2022-12-23 22:46:37,8,Name#309,email309@abc.com,553847,329604,8
310,2022-12-18 23:54:40,5,Name#310,email310@abc.com,447794,233737,2
311,2022-12-21 11:06:28,3,Name#311,email311@abc.com,529617,195732,29
312,2022-12-19 13:39:18,1,Name#312,email312@abc.com,889664,851217,43
313,2022-12-23 04:39:02,5,Name#313,email313@abc.com,405347,809444,48
314,2022-12-19 05:52:20,7,Name#314,email314@abc.com,719134,740863,48
315,2022-12-23 15:45:46,4,Name#315,email315@abc.com,954956,967837,45
316,2022-12-23 15:09:06,4,Name#316,email316@abc.com,880741,872990,37
317,2022-12-21 17:48:23,9,Name#317,email317@abc.com,278590,460041,39
318,2022-12-21 05:16:41,7,Name#318,email318@abc.com,87864,63391,14
319,2022-12-22 17:39:40,9,Name#319,email319@abc.com,56556,611025,11
320,2022-12-22 02:58:33,8,Name#320,email320@abc.com,912084,890036,48
321,2022-12-22 02:14:58,4,Name#321,email321@abc.com,101374,360189,31
322,2022-12-23 02:13:10,1,Name#322,email322@abc.com,328576,9781,47
323,2022-12-23 19:08:13,3,Name#323,email323@abc.com,473711,162465,27
324,2022-12-22 13:13:05,2,Name#324,email324@abc.com,582795,731252,8
325,2022-12-19 05:25:52,7,Name#325,email325@abc.com,20712,126564,25
326,2022-12-24 05:14:42,2,Name#326,email326@abc.com,2000,396904,26
327,2022-12-17 17:39:50,8,Name#327,email327@abc.com,771689,593516,5
328,2022-12-18 07:27:50,2,Name#328,email328@abc.com,361549,527265,49
329,2022-12-18 01:02:09,7,Name#329,email329@abc.com,626748,472341,11
330,2022-12-19 14:14:22,9,Name#330,email330@abc.com,731071,83536,1
331,2022-12-24 00:16:08,1,Name#331,email331@abc.com,741372,486799,7
332,2022-12-23 06:34:36,7,Name#332,email332@abc.com,170718,345068,6
333,2022-12-20 01:17:29,3,Name#333,email333@abc.com,817263,6587,8
334,2022-12-22 23:19:36,8,Name#334,email334@abc.com,426856,208830,8
335,2022-12-18 13:11:43,6,Name#335,email335@abc.com,974251,926256,29
336,2022-12-21 06:44:35,5,Name#336,email336@abc.com,61246,24172,20
337,2022-12-21 12:51:33,4,Name#337,email337@abc.com,316366,248654,1
338,2022-12-20 09:41:57,3,Name#338,email338@abc.com,914082,296256,17
339,2022-12-21 06:30:25,3,Name#339,email339@abc.com,207895,851265,44
340,2022-12-17 10:16:27,1,Name#340,email340@abc.com,851764,124230,2
341,2022-12-18 12:45:31,8,Name#341,email341@abc.com,757224,92382,40
342,2022-12-19 00:00:42,4,Name#342,email342@abc.com,877222,90022,24
343,2022-12-17 16:16:14,3,Name#343,email343@abc.com,171327,864880,31
344,2022-12-22 13:25:20,9,Name#344,email344@abc.com,96794,364128,2
345,2022-12-23 03:37:02,4,Name#345,email345@abc.com,693555,501805,1
346,2022-12-20 02:47:55,3,Name#346,email346@abc.com,531019,793590,34
347,2022-12-18 08:19:11,9,Name#347,email347@abc.com,469036,154144,23
348,2022-12-21 09:27:49,8,Name#348,email348@abc.com,690863,448653,40
349,2022-12-18 04:47:26,6,Name#349,email349@abc.com,944049,402127,45
350,2022-12-21 13:29:11,2,Name#350,email350@abc.com,572009,866571,15
351,2022-12-23 09:09:03,7,Name#351,email351@abc.com,122631,703562,9
352,2022-12-23 16:45:14,9,Name#352,email352@abc.com,231195,814192,28
353,2022-12-21 02:07:26,2,Name#353,email353@abc.com,940713,507900,31
354,2022-12-21 03:48:36,7,Name#354,email354@abc.com,281679,315207,31
355,2022-12-23 00:30:21,7,Name#355,email355@abc.com,517896,434310,11
356,2022-12-23 21:50:46,5,Name#356,email356@abc.com,562711,780554,8
357,2022-12-21 21:12:54,9,Name#357,email357@abc.com,785740,211519,45
358,2022-12-20 17:02:28,7,Name#358,email358@abc.com,614262,169536,26
359,2022-12-17 09:50:08,2,Name#359,email359@abc.com,802844,229292,13
360,2022-12-19 15:18:48,2,Name#360,email360@abc.com,542945,382618,10
361,2022-12-23 20:45:47,3,Name#361,email361@abc.com,582927,958199,2
362,2022-12-22 02:38:22,9,Name#362,email362@abc.com,677826,967875,3
363,2022-12-20 08:08:45,8,Name#363,email363@abc.com,453277,532571,7
364,2022-12-21 03:13:21,4,Name#364,email364@abc.com,362239,56199,7
365,2022-12-19 01:57:38,3,Name#365,email365@abc.com,842632,537024,24
366,2022-12-21 00:28:55,6,Name#366,email366@abc.com,667389,483001,40
367,2022-12-17 21:23:04,9,Name#367,email367@abc.com,872828,131,48
368,2022-12-19 08:19:25,1,Name#368,email368@abc.com,488011,463753,38
369,2022-12-21 22:06:06,6,Name#369,email369@abc.com,501871,698656,9
370,2022-12-19 11:46:31,5,Name#370,email370@abc.com,676170,488872,7
371,2022-12-17 20:24:25,5,Name#371,email371@abc.com,242514,637237,1
372,2022-12-23 05:53:14,7,Name#372,email372@abc.com,389109,250787,6
373,2022-12-19 20:49:32,7,Name#373,email373@abc.com,953697,252207,31
374,2022-12-21 09:39:53,1,Name#374,email374@abc.com,443766,944167,17
375,2022-12-24 01:26:59,3,Name#375,email375@abc.com,485934,33630,11
376,2022-12-20 05:50:14,7,Name#376,email376@abc.com,577040,315084,4
377,2022-12-23 15:30:25,8,Name#377,email377@abc.com,474229,108978,38
378,2022-12-17 09:30:31,1,Name#378,email378@abc.com,24940,36797,13
379,2022-12-21 02:21:35,7,Name#379,email379@abc.com,91251,832773,46
380,2022-12-17 13:00:05,2,Name#380,email380@abc.com,993267,668825,18
381,2022-12-20 16:15:39,8,Name#381,email381@abc.com,216569,599817,18
382,2022-12-19 05:45:52,3,Name#382,email382@abc.com,600199,308709,21
383,2022-12-24 03:26:45,6,Name#383,email383@abc.com,37112,424812,21
384,2022-12-19 05:51:10,5,Name#384,email384@abc.com,50945,701697,40
385,2022-12-19 23:50:24,3,Name#385,email385@abc.com,841382,198705,12
386,2022-12-21 16:14:14,2,Name#386,email386@abc.com,289867,367114,7
387,2022-12-17 20:54:23,1,Name#387,email387@abc.com,870150,241160,23
388,2022-12-20 09:55:00,7,Name#388,email388@abc.com,674029,522564,5
389,2022-12-23 15:43:09,6,Name#389,email389@abc.com,151085,446860,39
390,2022-12-24 04:23:45,7,Name#390,email390@abc.com,993536,835022,45
391,2022-12-19 11:34:32,2,Name#391,email391@abc.com,773673,290051,46
392,2022-12-21 05:43:09,1,Name#392,email392@abc.com,190306,587151,9
393,2022-12-20 02:23:29,9,Name#393,email393@abc.com,666871,391432,26
394,2022-12-21 05:53:20,7,Name#394,email394@abc.com,649578,191785,2
395,2022-12-21 08:27:54,9,Name#395,email395@abc.com,581887,105357,29
396,2022-12-22 00:25:09,1,Name#396,email396@abc.com,603115,907452,35
397,2022-12-23 17:39:55,1,Name#397,email397@abc.com,648101,678495,15
398,2022-12-23 05:17:03,3,Name#398,email398@abc.com,745584,34376,26
399,2022-12-22 14:25:54,9,Name#399,email399@abc.com,93593,763643,26
400,2022-12-18 17:18:20,6,Name#400,email400@abc.com,140217,770394,13
401,2022-12-24 07:12:31,6,Name#401,email401@abc.com,798892,526063,9
402,2022-12-17 13:07:07,2,Name#402,email402@abc.com,747832,23155,18
403,2022-12-19 11:08:55,6,Name#403,email403@abc.com,994966,230753,15
404,2022-12-23 22:54:39,1,Name#404,email404@abc.com,518467,372981,19
405,2022-12-18 03:16:31,5,Name#405,email405@abc.com,763826,115,8
406,2022-12-18 12:10:42,5,Name#406,email406@abc.com,788641,10828,8
407,2022-12-21 06:16:21,4,Name#407,email407@abc.com,528911,264029,9
408,2022-12-19 08:43:15,8,Name#408,email408@abc.com,391797,38273,3
409,2022-12-23 08:39:39,5,Name#409,email409@abc.com,656919,108156,38
410,2022-12-21 08:13:08,9,Name#410,email410@abc.com,526137,809780,26
411,2022-12-18 03:06:19,9,Name#411,email411@abc.com,853180,387640,43
412,2022-12-21 20:13:19,3,Name#412,email412@abc.com,347404,391581,41
413,2022-12-22 22:00:18,1,Name#413,email413@abc.com,808535,880346,26
414,2022-12-24 07:12:14,2,Name#414,email414@abc.com,4338,279461,36
415,2022-12-18 15:38:04,9,Name#415,email415@abc.com,86548,199423,27
416,2022-12-17 09:19:32,1,Name#416,email416@abc.com,56346,572417,45
417,2022-12-19 19:34:50,6,Name#417,email417@abc.com,60188,636028,34
418,2022-12-23 22:45:49,5,Name#418,email418@abc.com,639875,994384,40
419,2022-12-18 15:27:45,4,Name#419,email419@abc.com,233827,487167,37
420,2022-12-17 16:29:09,5,Name#420,email420@abc.com,88595,364793,24
421,2022-12-18 14:24:46,2,Name#421,email421@abc.com,735986,774828,16
422,2022-12-19 23:04:09,5,Name#422,email422@abc.com,280500,760368,37
423,2022-12-21 22:29:47,8,Name#423,email423@abc.com,134440,20817,40
424,2022-12-20 14:20:29,9,Name#424,email424@abc.com,221056,489630,6
425,2022-12-23 09:41:54,1,Name#425,email425@abc.com,295316,557071,34
426,2022-12-20 08:28:44,7,Name#426,email426@abc.com,14373,418066,18
427,2022-12-20 17:06:10,7,Name#427,email427@abc.com,40840,658756,36
428,2022-12-18 15:32:29,3,Name#428,email428@abc.com,117471,451158,43
429,2022-12-22 19:11:55,5,Name#429,email429@abc.com,68600,452074,25
430,2022-12-20 11:05:19,6,Name#430,email430@abc.com,651829,215060,31
431,2022-12-17 13:24:54,8,Name#431,email431@abc.com,413384,851092,16
432,2022-12-23 06:24:05,4,Name#432,email432@abc.com,865126,269040,9
433,2022-12-23 16:34:01,2,Name#433,email433@abc.com,45774,238355,23
434,2022-12-22 09:41:50,3,Name#434,email434@abc.com,790411,993882,40
435,2022-12-18 02:39:00,2,Name#435,email435@abc.com,249474,529251,39
436,2022-12-20 09:10:10,4,Name#436,email436@abc.com,82455,962307,3
437,2022-12-18 05:34:11,6,Name#437,email437@abc.com,542741,94040,4
438,2022-12-18 18:43:10,8,Name#438,email438@abc.com,812784,799245,31
439,2022-12-22 10:43:15,2,Name#439,email439@abc.com,307306,655940,4
440,2022-12-24 00:34:21,5,Name#440,email440@abc.com,302309,235798,49
441,2022-12-21 22:36:21,1,Name#441,email441@abc.com,893363,256309,37
442,2022-12-18 18:16:53,9,Name#442,email442@abc.com,399906,443674,35
443,2022-12-17 16:14:08,8,Name#443,email443@abc.com,965058,108537,12
444,2022-12-19 00:58:41,9,Name#444,email444@abc.com,442970,268436,27
445,2022-12-21 01:04:43,2,Name#445,email445@abc.com,109613,821221,29
446,2022-12-18 05:01:55,6,Name#446,email446@abc.com,547658,7717,18
447,2022-12-20 12:57:43,6,Name#447,email447@abc.com,467224,910132,7
448,2022-12-21 22:10:56,5,Name#448,email448@abc.com,94663,969318,19
449,2022-12-18 22:57:41,4,Name#449,email449@abc.com,782250,200877,49
450,2022-12-22 16:01:31,5,Name#450,email450@abc.com,20034,374572,33
451,2022-12-20 07:13:32,3,Name#451,email451@abc.com,188555,972745,11
452,2022-12-23 18:29:00,1,Name#452,email452@abc.com,560039,227912,36
453,2022-12-18 23:12:07,1,Name#453,email453@abc.com,700000,690057,24
454,2022-12-18 22:54:42,4,Name#454,email454@abc.com,632674,707013,44
455,2022-12-17 11:39:50,3,Name#455,email455@abc.com,581325,525994,39
456,2022-12-20 03:10:00,9,Name#456,email456@abc.com,883872,362028,41
457,2022-12-24 06:40:33,7,Name#457,email457@abc.com,406277,552378,11
458,2022-12-21 04:02:19,9,Name#458,email458@abc.com,655653,875652,34
459,2022-12-20 17:50:25,5,Name#459,email459@abc.com,437990,194169,30
460,2022-12-19 07:44:39,9,Name#460,email460@abc.com,300352,801901,36
461,2022-12-23 11:15:48,7,Name#461,email461@abc.com,894371,527089,2
462,2022-12-23 14:13:18,5,Name#462,email462@abc.com,938554,500279,29
463,2022-12-17 11:50:48,1,Name#463,email463@abc.com,924243,753422,21
464,2022-12-17 17:10:17,7,Name#464,email464@abc.com,367637,99553,12
465,2022-12-20 09:01:38,2,Name#465,email465@abc.com,717767,754133,32
466,2022-12-21 02:16:29,6,Name#466,email466@abc.com,383463,801616,46
467,2022-12-20 02:03:48,9,Name#467,email467@abc.com,811535,324739,14
468,2022-12-24 05:37:55,2,Name#468,email468@abc.com,514282,971337,28
469,2022-12-18 23:18:02,6,Name#469,email469@abc.com,484886,288815,28
470,2022-12-23 05:19:00,8,Name#470,email470@abc.com,354200,311391,36
471,2022-12-23 11:20:13,1,Name#471,email471@abc.com,412654,653307,44
472,2022-12-19 07:48:23,7,Name#472,email472@abc.com,979871,650152,16
473,2022-12-23 23:17:44,7,Name#473,email473@abc.com,978237,787062,42
474,2022-12-18 19:12:19,2,Name#474,email474@abc.com,204999,177337,13
475,2022-12-19 13:13:51,8,Name#475,email475@abc.com,853089,605042,12
476,2022-12-21 12:25:56,2,Name#476,email476@abc.com,345800,524758,36
477,2022-12-21 07:36:28,9,Name#477,email477@abc.com,194146,508591,10
478,2022-12-18 14:29:39,1,Name#478,email478@abc.com,558635,462260,47
479,2022-12-18 23:17:53,6,Name#479,email479@abc.com,957580,36823,4
480,2022-12-19 08:28:23,3,Name#480,email480@abc.com,904924,298714,43
481,2022-12-18 15:23:29,9,Name#481,email481@abc.com,979313,891387,38
482,2022-12-20 23:04:31,2,Name#482,email482@abc.com,466805,174895,10
483,2022-12-24 00:20:47,6,Name#483,email483@abc.com,284980,337272,41
484,2022-12-21 08:00:41,4,Name#484,email484@abc.com,842964,321485,10
485,2022-12-23 10:35:10,5,Name#485,email485@abc.com,326600,27641,9
486,2022-12-18 01:31:43,2,Name#486,email486@abc.com,188640,925055,32
487,2022-12-21 03:48:18,4,Name#487,email487@abc.com,603905,657197,18
488,2022-12-18 04:28:26,6,Name#488,email488@abc.com,152117,162614,7
489,2022-12-21 16:08:17,1,Name#489,email489@abc.com,116972,273123,43
490,2022-12-19 06:54:19,4,Name#490,email490@abc.com,528095,966496,34
491,2022-12-22 16:46:49,9,Name#491,email491@abc.com,669519,854122,13
492,2022-12-22 16:45:50,2,Name#492,email492@abc.com,931132,265126,29
493,2022-12-20 23:08:07,3,Name#493,email493@abc.com,11353,343135,14
494,2022-12-23 04:18:48,6,Name#494,email494@abc.com,237114,555824,13
495,2022-12-20 13:22:19,3,Name#495,email495@abc.com,923549,800965,36
496,2022-12-21 07:59:32,3,Name#496,email496@abc.com,774017,962163,33
497,2022-12-22 16:03:40,5,Name#497,email497@abc.com,228644,559635,3
498,2022-12-18 12:09:26,5,Name#498,email498@abc.com,392504,765900,44
499,2022-12-19 17:46:35,7,Name#499,email499@abc.com,834070,156393,3
500,2022-12-22 14:57:15,3,Name#500,email500@abc.com,173366,402216,34
501,2022-12-22 22:37:54,2,Name#501,email501@abc.com,764224,474012,5
502,2022-12-22 04:33:36,5,Name#502,email502@abc.com,143784,263610,26
503,2022-12-23 11:33:25,7,Name#503,email503@abc.com,695489,369880,19
504,2022-12-19 10:18:41,5,Name#504,email504@abc.com,279327,959620,49
505,2022-12-17 19:00:32,1,Name#505,email505@abc.com,906696,670036,45
506,2022-12-19 17:45:40,2,Name#506,email506@abc.com,133940,574449,20
507,2022-12-23 17:44:32,5,Name#507,email507@abc.com,626820,338464,2
508,2022-12-19 02:49:03,7,Name#508,email508@abc.com,722346,538706,42
509,2022-12-21 09:14:02,3,Name#509,email509@abc.com,534213,389676,12
510,2022-12-20 21:12:11,3,Name#510,email510@abc.com,855928,789674,20
511,2022-12-18 12:09:18,9,Name#511,email511@abc.com,774549,391712,20
512,2022-12-17 13:37:01,5,Name#512,email512@abc.com,640425,28230,16
513,2022-12-20 07:56:06,9,Name#513,email513@abc.com,791274,234197,7
514,2022-12-17 10:39:57,6,Name#514,email514@abc.com,171616,493467,30
515,2022-12-24 05:54:24,8,Name#515,email515@abc.com,568028,270930,37
516,2022-12-23 22:40:04,2,Name#516,email516@abc.com,110869,327669,30
517,2022-12-19 13:33:52,8,Name#517,email517@abc.com,568010,875186,42
518,2022-12-21 05:10:45,1,Name#518,email518@abc.com,514047,291538,12
519,2022-12-21 01:51:58,2,Name#519,email519@abc.com,288991,178307,14
520,2022-12-17 21:14:39,1,Name#520,email520@abc.com,528398,644179,19
521,2022-12-22 09:45:38,8,Name#521,email521@abc.com,596074,122254,44
522,2022-12-18 16:45:31,5,Name#522,email522@abc.com,920913,267514,7
523,2022-12-20 02:58:11,9,Name#523,email523@abc.com,154694,971763,2
524,2022-12-20 16:08:47,8,Name#524,email524@abc.com,730171,804953,3
525,2022-12-22 03:39:26,7,Name#525,email525@abc.com,968088,408713,22
526,2022-12-18 16:55:54,8,Name#526,email526@abc.com,249964,411325,44
527,2022-12-21 07:54:57,6,Name#527,email527@abc.com,378276,225212,49
528,2022-12-18 11:06:36,4,Name#528,email528@abc.com,731189,667500,28
529,2022-12-17 10:47:50,8,Name#529,email529@abc.com,90782,74166,5
530,2022-12-24 01:13:05,2,Name#530,email530@abc.com,180145,585902,24
531,2022-12-21 04:58:05,7,Name#531,email531@abc.com,39128,780951,14
532,2022-12-19 03:54:56,6,Name#532,email532@abc.com,148153,496392,36
533,2022-12-17 09:02:18,8,Name#533,email533@abc.com,569499,602870,9
534,2022-12-20 11:47:56,2,Name#534,email534@abc.com,216225,840904,11
535,2022-12-21 20:49:27,3,Name#535,email535@abc.com,959273,611214,3
536,2022-12-23 09:26:05,2,Name#536,email536@abc.com,353588,901451,18
537,2022-12-22 20:33:28,6,Name#537,email537@abc.com,322667,326889,1
538,2022-12-21 13:27:51,4,Name#538,email538@abc.com,620374,619844,9
539,2022-12-17 21:30:19,5,Name#539,email539@abc.com,453853,371605,32
540,2022-12-19 11:29:37,4,Name#540,email540@abc.com,488378,311040,34
541,2022-12-18 20:03:53,7,Name#541,email541@abc.com,856230,437979,24
542,2022-12-18 02:39:45,1,Name#542,email542@abc.com,608327,431635,14
543,2022-12-20 16:18:13,9,Name#543,email543@abc.com,365508,751691,28
544,2022-12-22 05:59:52,7,Name#544,email544@abc.com,580960,672384,44
545,2022-12-19 17:28:12,8,Name#545,email545@abc.com,579542,277191,4
546,2022-12-21 23:21:23,3,Name#546,email546@abc.com,482216,150969,8
547,2022-12-23 12:07:00,1,Name#547,email547@abc.com,744076,533768,48
548,2022-12-18 13:52:29,4,Name#548,email548@abc.com,721554,478597,25
549,2022-12-17 14:06:25,9,Name#549,email549@abc.com,106539,753931,34
550,2022-12-20 13:07:25,5,Name#550,email550@abc.com,689006,575601,20
551,2022-12-20 23:47:25,6,Name#551,email551@abc.com,340534,399185,47
552,2022-12-20 12:12:58,3,Name#552,email552@abc.com,347616,86263,2
553,2022-12-19 04:13:40,1,Name#553,email553@abc.com,804683,278345,33
554,2022-12-18 22:20:14,5,Name#554,email554@abc.com,340572,595097,32
555,2022-12-22 16:45:34,4,Name#555,email555@abc.com,559818,508156,6
556,2022-12-22 10:04:55,2,Name#556,email556@abc.com,143893,878019,18
557,2022-12-22 14:57:00,7,Name#557,email557@abc.com,805958,100860,39
558,2022-12-21 08:12:11,9,Name#558,email558@abc.com,180725,480553,27
559,2022-12-22 03:20:23,9,Name#559,email559@abc.com,570541,177358,7
560,2022-12-23 21:42:40,2,Name#560,email560@abc.com,347977,671662,23
561,2022-12-18 11:40:00,8,Name#561,email561@abc.com,350969,462502,41
562,2022-12-18 16:38:28,3,Name#562,email562@abc.com,282400,261329,29
563,2022-12-22 18:47:24,3,Name#563,email563@abc.com,830311,483627,23
564,2022-12-22 18:25:24,9,Name#564,email564@abc.com,734370,594422,41
565,2022-12-22 01:43:53,9,Name#565,email565@abc.com,670558,241690,19
566,2022-12-19 10:57:04,5,Name#566,email566@abc.com,361357,621387,45
567,2022-12-20 00:22:02,9,Name#567,email567@abc.com,390917,125393,49
568,2022-12-23 21:13:15,2,Name#568,email568@abc.com,226127,277925,30
569,2022-12-19 02:19:03,2,Name#569,email569@abc.com,818350,455471,25
570,2022-12-18 22:27:28,3,Name#570,email570@abc.com,998110,180914,48
571,2022-12-20 09:04:20,2,Name#571,email571@abc.com,426862,477776,1
572,2022-12-23 18:04:35,6,Name#572,email572@abc.com,748525,917441,39
573,2022-12-21 15:19:56,1,Name#573,email573@abc.com,200799,762626,43
574,2022-12-19 12:26:19,1,Name#574,email574@abc.com,155180,65067,48
575,2022-12-19 09:54:26,2,Name#575,email575@abc.com,800883,231525,2
576,2022-12-17 10:12:36,7,Name#576,email576@abc.com,931861,495137,29
577,2022-12-18 02:59:38,8,Name#577,email577@abc.com,307619,609013,19
578,2022-12-22 18:10:45,8,Name#578,email578@abc.com,456215,470263,18
579,2022-12-20 06:32:16,2,Name#579,email579@abc.com,345151,214007,28
580,2022-12-19 15:51:15,6,Name#580,email580@abc.com,615930,221865,28
581,2022-12-18 06:34:46,3,Name#581,email581@abc.com,54751,675756,22
582,2022-12-17 12:03:52,6,Name#582,email582@abc.com,213275,198487,31
583,2022-12-20 15:36:34,4,Name#583,email583@abc.com,31570,392875,36
584,2022-12-22 19:34:42,7,Name#584,email584@abc.com,760029,998354,4
585,2022-12-23 00:27:46,3,Name#585,email585@abc.com,710294,580763,28
586,2022-12-20 06:49:22,2,Name#586,email586@abc.com,118012,970579,4
587,2022-12-22 05:09:29,8,Name#587,email587@abc.com,970492,464252,48
588,2022-12-24 06:49:22,5,Name#588,email588@abc.com,314384,420433,24
589,2022-12-22 02:07:28,4,Name#589,email589@abc.com,583554,686077,33
590,2022-12-17 19:40:19,2,Name#590,email590@abc.com,557128,405977,10
591,2022-12-18 10:40:16,4,Name#591,email591@abc.com,786489,609234,42
592,2022-12-21 20:52:31,9,Name#592,email592@abc.com,310962,157202,18
593,2022-12-18 17:05:47,8,Name#593,email593@abc.com,450931,760488,9
594,2022-12-18 19:04:59,7,Name#594,email594@abc.com,488565,636158,23
595,2022-12-17 15:06:56,3,Name#595,email595@abc.com,950783,760883,30
596,2022-12-20 01:28:53,2,Name#596,email596@abc.com,931560,897833,4
597,2022-12-18 20:06:15,8,Name#597,email597@abc.com,555472,233097,36
598,2022-12-21 18:27:42,2,Name#598,email598@abc.com,977915,647070,2
599,2022-12-18 00:21:05,4,Name#599,email599@abc.com,841433,597479,29
600,2022-12-24 01:21:24,8,Name#600,email600@abc.com,389835,26248,37
601,2022-12-19 22:57:17,6,Name#601,email601@abc.com,990390,1974,47
602,2022-12-18 13:21:59,3,Name#602,email602@abc.com,283650,149598,22
603,2022-12-22 12:21:46,6,Name#603,email603@abc.com,803048,353250,6
604,2022-12-23 21:07:49,4,Name#604,email604@abc.com,73900,562394,36
605,2022-12-18 04:17:06,5,Name#605,email605@abc.com,147586,381915,9
606,2022-12-19 19:04:12,4,Name#606,email606@abc.com,353693,366982,17
607,2022-12-23 16:16:36,3,Name#607,email607@abc.com,949669,353867,22
608,2022-12-23 21:24:52,2,Name#608,email608@abc.com,224913,158040,41
609,2022-12-21 15:42:27,6,Name#609,email609@abc.com,814635,278203,9
610,2022-12-18 05:27:39,8,Name#610,email610@abc.com,358339,45378,2
611,2022-12-17 14:42:28,4,Name#611,email611@abc.com,778713,436973,6
612,2022-12-21 14:54:52,9,Name#612,email612@abc.com,732666,347401,44
613,2022-12-21 11:22:32,8,Name#613,email613@abc.com,664285,371285,44
614,2022-12-22 13:57:52,6,Name#614,email614@abc.com,587759,950328,20
615,2022-12-19 21:00:10,6,Name#615,email615@abc.com,406496,560347,2
616,2022-12-20 08:26:00,5,Name#616,email616@abc.com,196665,510048,46
617,2022-12-22 18:35:41,8,Name#617,email617@abc.com,546838,788509,45
618,2022-12-20 03:21:55,5,Name#618,email618@abc.com,376048,199686,29
619,2022-12-21 22:13:36,6,Name#619,email619@abc.com,57408,870161,34
620,2022-12-17 18:04:32,1,Name#620,email620@abc.com,448556,145740,48
621,2022-12-17 22:16:53,3,Name#621,email621@abc.com,976891,976530,7
622,2022-12-21 10:17:54,7,Name#622,email622@abc.com,270642,355825,9
623,2022-12-23 19:01:56,6,Name#623,email623@abc.com,217950,771508,35
624,2022-12-18 10:05:44,2,Name#624,email624@abc.com,442596,465056,21
625,2022-12-17 21:54:56,4,Name#625,email625@abc.com,402744,737500,19
626,2022-12-21 19:27:39,8,Name#626,email626@abc.com,445014,167181,18
627,2022-12-22 20:36:13,6,Name#627,email627@abc.com,831044,280853,33
628,2022-12-21 12:44:57,8,Name#628,email628@abc.com,6877,170417,3
629,2022-12-18 08:14:23,1,Name#629,email629@abc.com,530032,126836,4
630,2022-12-18 22:11:26,4,Name#630,email630@abc.com,831704,823892,29
631,2022-12-19 11:37:20,8,Name#631,email631@abc.com,969630,50064,12
632,2022-12-22 05:53:39,4,Name#632,email632@abc.com,257748,368959,29
633,2022-12-22 08:28:22,2,Name#633,email633@abc.com,835554,16998,38
634,2022-12-24 03:30:30,7,Name#634,email634@abc.com,427836,608388,30
635,2022-12-20 11:43:16,9,Name#635,email635@abc.com,641798,488822,22
636,2022-12-21 14:33:09,5,Name#636,email636@abc.com,364691,223725,41
637,2022-12-18 19:01:48,7,Name#637,email637@abc.com,673826,799103,48
638,2022-12-22 19:29:04,1,Name#638,email638@abc.com,647748,419614,49
639,2022-12-21 23:15:15,2,Name#639,email639@abc.com,226657,835127,40
640,2022-12-19 00:22:56,3,Name#640,email640@abc.com,601155,988424,37
641,2022-12-23 11:37:06,9,Name#641,email641@abc.com,185578,945562,5
642,2022-12-18 00:58:29,4,Name#642,email642@abc.com,788879,7224,30
643,2022-12-18 09:34:08,2,Name#643,email643@abc.com,882980,148353,34
644,2022-12-18 02:56:22,7,Name#644,email644@abc.com,922773,622237,1
645,2022-12-22 17:07:00,7,Name#645,email645@abc.com,395140,132019,38
646,2022-12-18 04:45:32,6,Name#646,email646@abc.com,723348,672245,34
647,2022-12-20 07:26:22,8,Name#647,email647@abc.com,376005,623300,37
648,2022-12-18 07:34:22,9,Name#648,email648@abc.com,583958,619482,7
649,2022-12-20 11:51:00,4,Name#649,email649@abc.com,216889,687751,29
650,2022-12-18 18:10:29,3,Name#650,email650@abc.com,679967,915076,27
651,2022-12-19 12:35:43,5,Name#651,email651@abc.com,840339,340821,46
652,2022-12-18 14:41:16,2,Name#652,email652@abc.com,169802,882307,23
653,2022-12-19 07:57:29,1,Name#653,email653@abc.com,514894,555285,30
654,2022-12-20 16:41:58,8,Name#654,email654@abc.com,845768,985539,43
655,2022-12-23 15:58:00,7,Name#655,email655@abc.com,763424,80293,39
656,2022-12-18 15:08:43,1,Name#656,email656@abc.com,22994,846718,33
657,2022-12-24 02:40:09,5,Name#657,email657@abc.com,771052,836464,42
658,2022-12-18 00:02:53,3,Name#658,email658@abc.com,219143,874518,19
659,2022-12-19 20:08:44,8,Name#659,email659@abc.com,748138,125067,19
660,2022-12-17 16:13:19,6,Name#660,email660@abc.com,955227,308621,16
661,2022-12-23 07:42:45,8,Name#661,email661@abc.com,875122,483576,7
662,2022-12-20 10:06:41,1,Name#662,email662@abc.com,309189,318938,16
663,2022-12-23 01:53:29,7,Name#663,email663@abc.com,287885,261127,5
664,2022-12-23 22:14:00,9,Name#664,email664@abc.com,528121,28908,16
665,2022-12-20 22:48:44,5,Name#665,email665@abc.com,12233,515455,10
666,2022-12-20 22:20:56,1,Name#666,email666@abc.com,461152,711592,4
667,2022-12-18 10:51:00,8,Name#667,email667@abc.com,400616,433593,8
668,2022-12-23 16:38:48,3,Name#668,email668@abc.com,732313,283339,46
669,2022-12-19 11:21:48,7,Name#669,email669@abc.com,765095,935201,15
670,2022-12-20 13:45:49,9,Name#670,email670@abc.com,262628,558418,25
671,2022-12-19 16:20:25,1,Name#671,email671@abc.com,988965,658588,21
672,2022-12-17 22:48:24,2,Name#672,email672@abc.com,509426,851732,10
673,2022-12-22 07:48:53,5,Name#673,email673@abc.com,879338,88623,4
674,2022-12-22 13:31:42,3,Name#674,email674@abc.com,853776,955163,12
675,2022-12-18 16:59:31,6,Name#675,email675@abc.com,579866,627326,15
676,2022-12-20 09:39:17,6,Name#676,email676@abc.com,782750,396609,13
677,2022-12-20 20:29:19,7,Name#677,email677@abc.com,622088,291442,49
678,2022-12-20 00:55:51,4,Name#678,email678@abc.com,992707,293335,46
679,2022-12-18 20:32:58,1,Name#679,email679@abc.com,791177,942297,36
680,2022-12-20 09:19:12,8,Name#680,email680@abc.com,674021,806159,5
681,2022-12-24 00:50:30,2,Name#681,email681@abc.com,137570,200544,49
682,2022-12-21 14:06:59,6,Name#682,email682@abc.com,161674,474886,17
683,2022-12-23 21:23:11,7,Name#683,email683@abc.com,251886,888258,2
684,2022-12-22 04:48:15,8,Name#684,email684@abc.com,274060,173271,31
685,2022-12-23 12:04:04,2,Name#685,email685@abc.com,817305,844562,23
686,2022-12-21 19:43:27,7,Name#686,email686@abc.com,254499,830384,9
687,2022-12-23 05:45:09,3,Name#687,email687@abc.com,468410,96457,38
688,2022-12-20 01:59:24,1,Name#688,email688@abc.com,559313,336207,42
689,2022-12-20 23:01:30,8,Name#689,email689@abc.com,239465,867489,8
690,2022-12-20 01:46:47,2,Name#690,email690@abc.com,52505,179834,39
691,2022-12-18 07:08:42,3,Name#691,email691@abc.com,4119,257115,30
692,2022-12-23 20:14:02,6,Name#692,email692@abc.com,701954,581392,9
693,2022-12-20 03:31:24,3,Name#693,email693@abc.com,46961,107912,27
694,2022-12-21 03:43:11,5,Name#694,email694@abc.com,396228,833573,30
695,2022-12-19 01:37:08,3,Name#695,email695@abc.com,372262,495372,25
696,2022-12-22 11:01:48,8,Name#696,email696@abc.com,271628,810632,3
697,2022-12-18 03:52:18,6,Name#697,email697@abc.com,483415,346696,19
698,2022-12-17 09:11:58,1,Name#698,email698@abc.com,802118,361956,33
699,2022-12-19 15:15:15,8,Name#699,email699@abc.com,752032,837019,28
700,2022-12-23 03:15:49,3,Name#700,email700@abc.com,27868,640309,48
701,2022-12-22 03:19:05,3,Name#701,email701@abc.com,647787,441393,25
702,2022-12-19 15:07:15,5,Name#702,email702@abc.com,673484,292562,44
703,2022-12-23 16:20:06,3,Name#703,email703@abc.com,975796,835434,1
704,2022-12-19 23:17:00,7,Name#704,email704@abc.com,730488,949453,5
705,2022-12-19 02:58:08,8,Name#705,email705@abc.com,329982,283924,2
706,2022-12-21 05:49:10,6,Name#706,email706@abc.com,792584,212363,4
707,2022-12-23 03:38:31,9,Name#707,email707@abc.com,446437,228075,1
708,2022-12-18 11:06:46,5,Name#708,email708@abc.com,516678,882197,8
709,2022-12-19 11:58:24,5,Name#709,email709@abc.com,718265,217933,48
710,2022-12-23 16:41:50,8,Name#710,email710@abc.com,781618,755291,45
711,2022-12-23 17:53:28,7,Name#711,email711@abc.com,695013,10377,9
712,2022-12-22 07:54:10,7,Name#712,email712@abc.com,595288,967351,38
713,2022-12-20 18:12:14,6,Name#713,email713@abc.com,603068,698364,20
714,2022-12-21 20:12:01,1,Name#714,email714@abc.com,879429,995016,39
715,2022-12-19 12:09:54,9,Name#715,email715@abc.com,958339,424127,48
716,2022-12-21 07:10:11,2,Name#716,email716@abc.com,969183,737685,30
717,2022-12-22 23:02:15,5,Name#717,email717@abc.com,591242,842292,32
718,2022-12-20 08:13:32,5,Name#718,email718@abc.com,601373,796032,31
719,2022-12-20 01:46:53,8,Name#719,email719@abc.com,945411,815705,15
720,2022-12-20 02:42:08,5,Name#720,email720@abc.com,519328,871636,7
721,2022-12-23 21:07:49,7,Name#721,email721@abc.com,558633,11433,20
722,2022-12-23 19:36:55,7,Name#722,email722@abc.com,338882,222492,49
723,2022-12-22 16:50:57,1,Name#723,email723@abc.com,201482,354893,2
724,2022-12-17 17:54:50,8,Name#724,email724@abc.com,912066,123904,48
725,2022-12-23 13:19:00,2,Name#725,email725@abc.com,324022,998994,48
726,2022-12-23 06:38:27,5,Name#726,email726@abc.com,891295,177931,46
727,2022-12-21 00:08:33,5,Name#727,email727@abc.com,651280,497855,11
728,2022-12-18 15:40:02,8,Name#728,email728@abc.com,750775,297921,15
729,2022-12-23 21:47:35,6,Name#729,email729@abc.com,181264,177008,19
730,2022-12-19 03:18:08,3,Name#730,email730@abc.com,165324,999288,9
731,2022-12-22 04:02:44,6,Name#731,email731@abc.com,113146,295085,45
732,2022-12-18 03:02:04,3,Name#732,email732@abc.com,303147,387494,24
733,2022-12-24 04:02:38,4,Name#733,email733@abc.com,753774,63627,22
734,2022-12-22 01:54:07,1,Name#734,email734@abc.com,845724,167851,14
735,2022-12-22 20:59:32,3,Name#735,email735@abc.com,467496,5538,3
736,2022-12-20 06:03:55,1,Name#736,email736@abc.com,510967,207931,17
737,2022-12-22 21:52:22,4,Name#737,email737@abc.com,861838,108509,45
738,2022-12-19 05:03:58,8,Name#738,email738@abc.com,471355,201549,23
739,2022-12-21 16:56:29,9,Name#739,email739@abc.com,683276,892814,21
740,2022-12-17 18:55:20,6,Name#740,email740@abc.com,703182,378504,35
741,2022-12-18 11:56:22,9,Name#741,email741@abc.com,558984,669175,15
742,2022-12-17 09:31:40,9,Name#742,email742@abc.com,155068,319169,14
743,2022-12-23 19:39:39,9,Name#743,email743@abc.com,157846,732574,40
744,2022-12-22 01:23:02,3,Name#744,email744@abc.com,263049,791332,2
745,2022-12-21 21:10:05,1,Name#745,email745@abc.com,771462,957907,29
746,2022-12-20 18:12:39,5,Name#746,email746@abc.com,806128,559549,6
747,2022-12-23 03:57:56,5,Name#747,email747@abc.com,717190,112742,33
748,2022-12-18 08:25:03,4,Name#748,email748@abc.com,21530,826529,2
749,2022-12-20 14:16:24,3,Name#749,email749@abc.com,307176,268338,9
750,2022-12-24 01:35:22,7,Name#750,email750@abc.com,351294,290134,12
751,2022-12-17 09:08:55,1,Name#751,email751@abc.com,755591,819299,41
752,2022-12-18 22:17:19,7,Name#752,email752@abc.com,899186,20804,19
753,2022-12-20 14:36:08,1,Name#753,email753@abc.com,683081,960370,5
754,2022-12-18 21:25:48,9,Name#754,email754@abc.com,729528,285022,45
755,2022-12-24 03:19:08,5,Name#755,email755@abc.com,312929,430294,34
756,2022-12-19 16:42:53,1,Name#756,email756@abc.com,359465,965569,46
757,2022-12-21 16:37:29,9,Name#757,email757@abc.com,766068,836768,16
758,2022-12-19 14:26:46,6,Name#758,email758@abc.com,269933,507031,32
759,2022-12-21 06:14:57,7,Name#759,email759@abc.com,504041,254992,7
760,2022-12-17 21:48:29,1,Name#760,email760@abc.com,247851,856169,27
761,2022-12-22 20:14:02,9,Name#761,email761@abc.com,749806,110356,8
762,2022-12-19 19:43:03,1,Name#762,email762@abc.com,994060,84636,11
763,2022-12-19 22:19:04,3,Name#763,email763@abc.com,962838,427717,12
764,2022-12-20 12:38:14,6,Name#764,email764@abc.com,25593,536819,46
765,2022-12-18 04:04:49,9,Name#765,email765@abc.com,668571,653557,49
766,2022-12-22 01:06:26,4,Name#766,email766@abc.com,12641,360523,37
767,2022-12-23 05:08:31,9,Name#767,email767@abc.com,2015,260596,34
768,2022-12-21 10:49:58,1,Name#768,email768@abc.com,510290,558083,24
769,2022-12-18 17:52:48,7,Name#769,email769@abc.com,587728,506130,32
770,2022-12-21 15:44:00,2,Name#770,email770@abc.com,980040,588777,4
771,2022-12-21 12:13:37,7,Name#771,email771@abc.com,57711,404485,23
772,2022-12-22 12:47:54,3,Name#772,email772@abc.com,270030,126437,43
773,2022-12-21 23:05:05,1,Name#773,email773@abc.com,768320,639402,21
774,2022-12-18 05:09:28,4,Name#774,email774@abc.com,945624,483651,20
775,2022-12-20 10:34:21,3,Name#775,email775@abc.com,142120,845878,14
776,2022-12-22 11:11:23,1,Name#776,email776@abc.com,333937,969608,30
777,2022-12-23 15:04:09,1,Name#777,email777@abc.com,170961,178707,12
778,2022-12-21 02:04:42,7,Name#778,email778@abc.com,989023,771347,5
779,2022-12-17 19:50:42,6,Name#779,email779@abc.com,135436,599338,41
780,2022-12-22 08:22:12,4,Name#780,email780@abc.com,100150,469071,49
781,2022-12-17 15:57:04,1,Name#781,email781@abc.com,265496,15393,29
782,2022-12-22 20:30:11,7,Name#782,email782@abc.com,281357,264081,45
783,2022-12-18 18:40:07,5,Name#783,email783@abc.com,594500,73508,31
784,2022-12-18 00:54:15,1,Name#784,email784@abc.com,139261,98833,44
785,2022-12-19 10:28:51,2,Name#785,email785@abc.com,867480,63046,24
786,2022-12-19 20:16:08,2,Name#786,email786@abc.com,308793,926811,45
787,2022-12-23 01:16:04,2,Name#787,email787@abc.com,293790,347816,42
788,2022-12-19 02:11:46,8,Name#788,email788@abc.com,2477,589297,27
789,2022-12-18 02:12:10,4,Name#789,email789@abc.com,131618,529533,34
790,2022-12-22 10:25:37,4,Name#790,email790@abc.com,899294,829725,29
791,2022-12-17 15:36:40,9,Name#791,email791@abc.com,987778,881406,36
792,2022-12-23 05:25:21,7,Name#792,email792@abc.com,493628,190387,46
793,2022-12-18 07:56:36,3,Name#793,email793@abc.com,120134,577806,24
794,2022-12-18 08:47:34,1,Name#794,email794@abc.com,539428,344897,29
795,2022-12-20 08:06:46,9,Name#795,email795@abc.com,995112,199742,36
796,2022-12-20 08:22:09,7,Name#796,email796@abc.com,239901,357503,42
797,2022-12-19 23:30:39,2,Name#797,email797@abc.com,528811,374201,36
798,2022-12-18 05:48:35,8,Name#798,email798@abc.com,468339,90541,44
799,2022-12-23 08:54:15,3,Name#799,email799@abc.com,893304,613857,45
800,2022-12-22 08:38:25,4,Name#800,email800@abc.com,510039,587687,13
801,2022-12-23 03:57:20,1,Name#801,email801@abc.com,704632,493145,30
802,2022-12-21 23:57:26,8,Name#802,email802@abc.com,133284,936409,11
803,2022-12-19 07:44:00,6,Name#803,email803@abc.com,715270,635436,15
804,2022-12-22 13:08:39,2,Name#804,email804@abc.com,174122,27343,23
805,2022-12-21 19:25:03,7,Name#805,email805@abc.com,80903,165684,33
806,2022-12-21 06:10:05,4,Name#806,email806@abc.com,924769,419355,23
807,2022-12-20 07:58:22,5,Name#807,email807@abc.com,138445,357162,18
808,2022-12-18 03:14:03,6,Name#808,email808@abc.com,670942,895363,48
809,2022-12-19 00:06:39,5,Name#809,email809@abc.com,539627,955183,32
810,2022-12-22 14:32:39,6,Name#810,email810@abc.com,139315,289715,19
811,2022-12-18 22:36:21,7,Name#811,email811@abc.com,817377,283383,46
812,2022-12-17 10:46:45,1,Name#812,email812@abc.com,852381,8002,24
813,2022-12-22 21:51:46,4,Name#813,email813@abc.com,790690,474726,30
814,2022-12-20 10:39:03,2,Name#814,email814@abc.com,324428,257534,35
815,2022-12-17 10:54:14,3,Name#815,email815@abc.com,975884,699434,2
816,2022-12-24 03:43:21,9,Name#816,email816@abc.com,888652,491433,23
817,2022-12-18 00:40:28,6,Name#817,email817@abc.com,43694,289139,4
818,2022-12-21 10:39:15,9,Name#818,email818@abc.com,80642,347391,15
819,2022-12-20 11:14:12,5,Name#819,email819@abc.com,669515,236543,43
820,2022-12-22 09:35:56,7,Name#820,email820@abc.com,695463,432890,49
821,2022-12-23 19:33:52,3,Name#821,email821@abc.com,553649,915426,47
822,2022-12-20 09:21:10,3,Name#822,email822@abc.com,867481,990445,13
823,2022-12-20 22:54:54,6,Name#823,email823@abc.com,923380,244018,1
824,2022-12-17 16:22:56,1,Name#824,email824@abc.com,854019,663381,22
825,2022-12-23 04:36:38,2,Name#825,email825@abc.com,820075,204749,5
826,2022-12-24 07:14:57,4,Name#826,email826@abc.com,390358,99433,30
827,2022-12-22 20:59:59,1,Name#827,email827@abc.com,579000,201106,18
828,2022-12-20 05:25:50,5,Name#828,email828@abc.com,722979,933183,33
829,2022-12-20 04:50:42,6,Name#829,email829@abc.com,803442,755661,30
830,2022-12-20 02:18:42,9,Name#830,email830@abc.com,336916,768831,34
831,2022-12-21 14:56:19,8,Name#831,email831@abc.com,959256,151456,30
832,2022-12-22 02:48:47,5,Name#832,email832@abc.com,595068,994968,22
833,2022-12-23 14:12:28,6,Name#833,email833@abc.com,272579,153899,47
834,2022-12-19 10:10:03,4,Name#834,email834@abc.com,994889,365103,39
835,2022-12-22 10:18:00,3,Name#835,email835@abc.com,936009,697672,42
836,2022-12-23 21:26:40,3,Name#836,email836@abc.com,413824,332581,16
837,2022-12-18 07:38:59,4,Name#837,email837@abc.com,507842,895060,32
838,2022-12-18 02:29:56,1,Name#838,email838@abc.com,100948,374549,24
839,2022-12-23 13:18:08,7,Name#839,email839@abc.com,334742,460734,45
840,2022-12-22 22:17:45,2,Name#840,email840@abc.com,162402,431208,35
841,2022-12-18 01:57:55,2,Name#841,email841@abc.com,353028,987528,2
842,2022-12-23 21:11:29,9,Name#842,email842@abc.com,165299,964710,1
843,2022-12-22 21:26:18,5,Name#843,email843@abc.com,185846,478658,20
844,2022-12-23 13:15:26,6,Name#844,email844@abc.com,501745,548783,10
845,2022-12-19 15:24:07,4,Name#845,email845@abc.com,37501,740337,3
846,2022-12-21 18:37:45,6,Name#846,email846@abc.com,889592,945625,49
847,2022-12-20 14:02:12,6,Name#847,email847@abc.com,808125,936578,21
848,2022-12-21 03:15:10,2,Name#848,email848@abc.com,194871,802776,33
849,2022-12-17 14:07:43,2,Name#849,email849@abc.com,819676,909198,39
850,2022-12-22 17:36:17,3,Name#850,email850@abc.com,473430,316471,39
851,2022-12-23 23:05:38,4,Name#851,email851@abc.com,148296,526724,12
852,2022-12-18 01:08:41,9,Name#852,email852@abc.com,396939,524304,16
853,2022-12-24 03:43:24,3,Name#853,email853@abc.com,591330,809055,32
854,2022-12-23 07:13:50,8,Name#854,email854@abc.com,515363,788683,5
855,2022-12-19 17:28:44,1,Name#855,email855@abc.com,378314,414632,48
856,2022-12-19 23:34:07,3,Name#856,email856@abc.com,432783,373192,47
857,2022-12-20 14:12:29,8,Name#857,email857@abc.com,332552,829662,16
858,2022-12-21 17:10:25,4,Name#858,email858@abc.com,669451,784720,41
859,2022-12-23 19:11:37,1,Name#859,email859@abc.com,953092,145843,41
860,2022-12-19 00:26:05,5,Name#860,email860@abc.com,500960,736189,33
861,2022-12-18 13:35:38,1,Name#861,email861@abc.com,805421,991827,27
862,2022-12-19 20:11:32,3,Name#862,email862@abc.com,385783,359322,18
863,2022-12-20 19:18:43,9,Name#863,email863@abc.com,893058,456249,16
864,2022-12-20 11:58:09,5,Name#864,email864@abc.com,563681,545162,2
865,2022-12-23 00:27:53,3,Name#865,email865@abc.com,340270,626272,5
866,2022-12-22 14:26:32,5,Name#866,email866@abc.com,68820,555017,40
867,2022-12-18 10:35:00,9,Name#867,email867@abc.com,568765,700319,20
868,2022-12-23 13:06:13,7,Name#868,email868@abc.com,351139,90198,49
869,2022-12-18 11:29:05,4,Name#869,email869@abc.com,413495,391313,28
870,2022-12-20 07:03:14,8,Name#870,email870@abc.com,519843,292211,47
871,2022-12-18 01:57:26,2,Name#871,email871@abc.com,484715,896385,35
872,2022-12-20 16:30:08,3,Name#872,email872@abc.com,365239,6140,21
873,2022-12-22 23:28:53,2,Name#873,email873@abc.com,982780,216186,27
874,2022-12-18 08:36:52,6,Name#874,email874@abc.com,728442,402188,19
875,2022-12-17 20:30:39,7,Name#875,email875@abc.com,393313,487372,49
876,2022-12-19 17:11:45,2,Name#876,email876@abc.com,356082,489854,29
877,2022-12-21 16:14:12,4,Name#877,email877@abc.com,336750,286881,26
878,2022-12-20 05:04:24,6,Name#878,email878@abc.com,496085,577598,42
879,2022-12-20 21:31:42,9,Name#879,email879@abc.com,432693,71331,49
880,2022-12-21 12:11:48,2,Name#880,email880@abc.com,417671,950479,19
881,2022-12-19 16:04:25,7,Name#881,email881@abc.com,762936,295645,8
882,2022-12-18 09:38:10,5,Name#882,email882@abc.com,763925,37645,12
883,2022-12-19 10:37:38,2,Name#883,email883@abc.com,22720,708219,26
884,2022-12-22 02:06:18,2,Name#884,email884@abc.com,463734,410163,30
885,2022-12-19 11:30:38,1,Name#885,email885@abc.com,153612,174288,32
886,2022-12-20 19:27:14,6,Name#886,email886@abc.com,90169,841218,16
887,2022-12-22 06:57:56,2,Name#887,email887@abc.com,9345,697006,24
888,2022-12-19 21:58:26,6,Name#888,email888@abc.com,132079,35214,41
889,2022-12-22 08:36:18,1,Name#889,email889@abc.com,239191,283758,41
890,2022-12-19 23:15:18,8,Name#890,email890@abc.com,428085,690153,38
891,2022-12-17 14:07:41,7,Name#891,email891@abc.com,446803,223970,24
892,2022-12-19 20:29:40,1,Name#892,email892@abc.com,825687,460906,29
893,2022-12-20 19:31:23,7,Name#893,email893@abc.com,775645,757533,25
894,2022-12-22 22:06:22,5,Name#894,email894@abc.com,840373,433144,35
895,2022-12-22 04:37:40,1,Name#895,email895@abc.com,398843,536313,29
896,2022-12-22 22:09:05,6,Name#896,email896@abc.com,547827,304878,46
897,2022-12-18 07:27:52,3,Name#897,email897@abc.com,916227,989223,24
898,2022-12-18 16:36:00,6,Name#898,email898@abc.com,340325,412996,10
899,2022-12-18 18:37:56,5,Name#899,email899@abc.com,260800,790685,9
900,2022-12-21 04:26:27,3,Name#900,email900@abc.com,46432,286159,38
901,2022-12-22 00:10:27,4,Name#901,email901@abc.com,775304,377731,10
902,2022-12-18 06:31:43,5,Name#902,email902@abc.com,118119,859847,2
903,2022-12-23 11:47:36,5,Name#903,email903@abc.com,527908,255808,24
904,2022-12-23 18:51:13,3,Name#904,email904@abc.com,165962,534871,40
905,2022-12-21 20:45:15,7,Name#905,email905@abc.com,232927,550685,11
906,2022-12-24 05:35:16,6,Name#906,email906@abc.com,327065,796197,40
907,2022-12-20 00:30:59,1,Name#907,email907@abc.com,857360,69883,1
908,2022-12-22 02:41:32,9,Name#908,email908@abc.com,49686,975717,14
909,2022-12-20 20:25:40,7,Name#909,email909@abc.com,960308,997490,20
910,2022-12-21 03:04:28,1,Name#910,email910@abc.com,354300,327494,1
911,2022-12-17 11:47:17,7,Name#911,email911@abc.com,985627,854636,44
912,2022-12-17 15:22:48,5,Name#912,email912@abc.com,177492,406117,48
913,2022-12-18 14:53:12,3,Name#913,email913@abc.com,853323,548975,18
914,2022-12-22 04:43:17,4,Name#914,email914@abc.com,69204,619243,20
915,2022-12-18 01:28:22,8,Name#915,email915@abc.com,834487,245768,3
916,2022-12-19 07:11:10,7,Name#916,email916@abc.com,819849,31139,29
917,2022-12-17 23:29:58,6,Name#917,email917@abc.com,469930,736138,5
918,2022-12-21 01:30:00,3,Name#918,email918@abc.com,154794,580191,5
919,2022-12-20 11:59:22,1,Name#919,email919@abc.com,477053,192895,28
920,2022-12-21 12:05:32,9,Name#920,email920@abc.com,953308,130720,8
921,2022-12-17 19:57:50,1,Name#921,email921@abc.com,709173,56580,6
922,2022-12-22 01:25:50,4,Name#922,email922@abc.com,494015,471417,27
923,2022-12-21 19:41:15,4,Name#923,email923@abc.com,338653,646074,12
924,2022-12-22 22:44:58,6,Name#924,email924@abc.com,962042,41097,16
925,2022-12-21 19:15:34,9,Name#925,email925@abc.com,624419,720419,11
926,2022-12-20 01:15:43,6,Name#926,email926@abc.com,60149,910262,38
927,2022-12-22 15:32:32,7,Name#927,email927@abc.com,303479,223554,33
928,2022-12-21 00:26:56,7,Name#928,email928@abc.com,971364,853151,49
929,2022-12-18 13:46:52,1,Name#929,email929@abc.com,146290,498907,5
930,2022-12-22 20:55:34,1,Name#930,email930@abc.com,626858,894744,7
931,2022-12-23 01:52:45,9,Name#931,email931@abc.com,82254,30479,13
932,2022-12-19 03:47:27,5,Name#932,email932@abc.com,95466,389780,30
933,2022-12-20 20:34:10,6,Name#933,email933@abc.com,485922,761828,48
934,2022-12-18 20:01:44,9,Name#934,email934@abc.com,820563,645358,45
935,2022-12-17 19:30:04,9,Name#935,email935@abc.com,161211,474205,37
936,2022-12-22 22:30:25,8,Name#936,email936@abc.com,421257,345440,16
937,2022-12-18 11:28:19,1,Name#937,email937@abc.com,60004,405735,40
938,2022-12-22 00:02:41,9,Name#938,email938@abc.com,569011,50214,17
939,2022-12-19 21:58:04,4,Name#939,email939@abc.com,700689,759273,38
940,2022-12-18 03:08:45,3,Name#940,email940@abc.com,90251,717681,14
941,2022-12-18 04:37:52,4,Name#941,email941@abc.com,300508,783018,6
942,2022-12-17 09:25:30,1,Name#942,email942@abc.com,570117,396236,26
943,2022-12-22 04:58:10,1,Name#943,email943@abc.com,93889,715198,7
944,2022-12-22 06:27:45,9,Name#944,email944@abc.com,518737,195508,41
945,2022-12-20 09:46:39,5,Name#945,email945@abc.com,729805,862851,44
946,2022-12-22 07:24:55,3,Name#946,email946@abc.com,59851,580334,16
947,2022-12-19 09:13:52,3,Name#947,email947@abc.com,197215,898147,25
948,2022-12-23 18:06:19,2,Name#948,email948@abc.com,804829,180648,45
949,2022-12-20 22:59:56,3,Name#949,email949@abc.com,843488,949991,12
950,2022-12-20 09:48:58,5,Name#950,email950@abc.com,25723,312409,44
951,2022-12-22 21:43:19,1,Name#951,email951@abc.com,745565,887441,37
952,2022-12-23 23:16:22,7,Name#952,email952@abc.com,552855,804331,40
953,2022-12-20 11:29:19,7,Name#953,email953@abc.com,518362,236101,12
954,2022-12-20 06:31:40,5,Name#954,email954@abc.com,90039,257261,34
955,2022-12-21 03:08:27,8,Name#955,email955@abc.com,352349,541811,29
956,2022-12-22 10:31:54,8,Name#956,email956@abc.com,848555,398531,46
957,2022-12-17 23:01:42,2,Name#957,email957@abc.com,860091,18112,27
958,2022-12-19 07:33:44,8,Name#958,email958@abc.com,55088,62962,31
959,2022-12-18 17:35:02,2,Name#959,email959@abc.com,970220,90581,49
960,2022-12-18 00:17:46,2,Name#960,email960@abc.com,760879,219049,17
961,2022-12-17 09:31:18,1,Name#961,email961@abc.com,892444,844862,4
962,2022-12-18 01:27:34,4,Name#962,email962@abc.com,430136,122425,28
963,2022-12-20 15:51:30,7,Name#963,email963@abc.com,33627,630601,41
964,2022-12-24 03:26:40,5,Name#964,email964@abc.com,683584,821310,45
965,2022-12-21 11:59:32,9,Name#965,email965@abc.com,871203,212938,31
966,2022-12-20 18:02:01,2,Name#966,email966@abc.com,346444,770435,9
967,2022-12-23 14:44:29,2,Name#967,email967@abc.com,660163,903993,5
968,2022-12-23 21:11:35,6,Name#968,email968@abc.com,914628,328220,43
969,2022-12-21 14:16:29,2,Name#969,email969@abc.com,672799,507236,35
970,2022-12-21 12:01:46,1,Name#970,email970@abc.com,774748,33474,49
971,2022-12-22 14:20:48,8,Name#971,email971@abc.com,714153,918691,42
972,2022-12-21 18:37:06,4,Name#972,email972@abc.com,137224,197677,1
973,2022-12-19 12:26:49,8,Name#973,email973@abc.com,860596,342278,17
974,2022-12-20 03:59:38,2,Name#974,email974@abc.com,159158,70524,21
975,2022-12-17 16:53:17,3,Name#975,email975@abc.com,839873,821745,14
976,2022-12-21 14:19:04,7,Name#976,email976@abc.com,535798,952156,27
977,2022-12-20 12:24:28,1,Name#977,email977@abc.com,197714,22924,16
978,2022-12-18 21:47:58,7,Name#978,email978@abc.com,966796,794241,33
979,2022-12-19 06:02:20,3,Name#979,email979@abc.com,470069,269143,4
980,2022-12-21 02:33:33,6,Name#980,email980@abc.com,436710,545482,45
981,2022-12-22 22:50:57,1,Name#981,email981@abc.com,859161,872045,5
982,2022-12-17 21:03:48,2,Name#982,email982@abc.com,581255,497498,10
983,2022-12-17 17:27:14,1,Name#983,email983@abc.com,129091,405267,4
984,2022-12-17 21:30:36,3,Name#984,email984@abc.com,759436,588745,18
985,2022-12-18 05:38:40,1,Name#985,email985@abc.com,920069,165592,3
986,2022-12-19 00:43:16,8,Name#986,email986@abc.com,732279,568376,2
987,2022-12-17 12:21:43,5,Name#987,email987@abc.com,713835,423541,23
988,2022-12-19 10:37:13,9,Name#988,email988@abc.com,30555,265891,25
989,2022-12-24 02:44:24,1,Name#989,email989@abc.com,595376,814478,27
990,2022-12-18 03:04:20,4,Name#990,email990@abc.com,90432,438046,18
991,2022-12-20 15:39:41,9,Name#991,email991@abc.com,471250,738100,35
992,2022-12-18 08:20:28,3,Name#992,email992@abc.com,33626,14392,13
993,2022-12-21 15:53:53,3,Name#993,email993@abc.com,381408,969668,6
994,2022-12-17 19:09:41,8,Name#994,email994@abc.com,904178,36632,48
995,2022-12-18 08:40:36,9,Name#995,email995@abc.com,805744,533835,23
996,2022-12-18 13:16:10,6,Name#996,email996@abc.com,565623,993478,49
997,2022-12-21 21:59:40,9,Name#997,email997@abc.com,460758,25561,41
998,2022-12-21 04:17:56,8,Name#998,email998@abc.com,716521,449440,7
999,2022-12-19 12:33:21,6,Name#999,email999@abc.com,239723,224284,48
1000,2022-12-22 13:32:37,4,Name#1000,email1000@abc.com,16993,764298,21
